nationID,nationName,Group,url,flag,emojiString,fifaRank,marketValue
QAT,Qatar,Group A,https://upload.wikimedia.org/wikipedia/commons/thumb/6/65/Flag_of_Qatar.svg/900px-Flag_of_Qatar.svg.png,flag-qa,QA,50,€18.60m
ENG,England,Group B,https://upload.wikimedia.org/wikipedia/en/thumb/b/be/Flag_of_England.svg/800px-Flag_of_England.png,flag-england,england,5,€1.36bn
SEN,Senegal,Group A,https://upload.wikimedia.org/wikipedia/commons/thumb/f/fd/Flag_of_Senegal.svg/900px-Flag_of_Senegal.svg.png,flag-sn,SN,18,€286.50m
USA,USA,Group B,https://upload.wikimedia.org/wikipedia/commons/thumb/e/e9/Flag_of_the_United_States_%28fixed%29.svg/1024px-Flag_of_the_United_States_%28fixed%29.svg.png,flag-us,US,16,€204.40m
ARG,Argentina,Group C,https://upload.wikimedia.org/wikipedia/commons/thumb/1/1a/Flag_of_Argentina.svg/800px-Flag_of_Argentina.png,flag-ar,AR,3,€608.00m
DEN,Denmark,Group D,https://upload.wikimedia.org/wikipedia/commons/thumb/9/9c/Flag_of_Denmark.svg/740px-Flag_of_Denmark.png,flag-dk,DK,10,€339.30m
MEX,Mexico,Group C,https://upload.wikimedia.org/wikipedia/commons/thumb/f/fc/Flag_of_Mexico.svg/800px-Flag_of_Mexico.png,flag-mx,MX,13,€219.30m
FRA,France,Group D,https://upload.wikimedia.org/wikipedia/en/thumb/c/c3/Flag_of_France.svg/900px-Flag_of_France.png,flag-fr,FR,4,€886.00m
MAR,Morocco,Group F,https://upload.wikimedia.org/wikipedia/commons/thumb/2/2c/Flag_of_Morocco.svg/900px-Flag_of_Morocco.png,flag-ma,MA,22,€232.30m
GER,Germany,Group E,https://upload.wikimedia.org/wikipedia/en/thumb/b/ba/Flag_of_Germany.svg/800px-Flag_of_Germany.png,flag-de,DE,11,€746.50m
ESP,Spain,Group E,https://upload.wikimedia.org/wikipedia/en/thumb/9/9a/Flag_of_Spain.svg/750px-Flag_of_Spain.png,flag-es,ES,7,€805.00m
BEL,Belgium,Group F,https://upload.wikimedia.org/wikipedia/commons/thumb/6/65/Flag_of_Belgium.svg/450px-Flag_of_Belgium.png,flag-be,BE,2,€554.00m
SUI,Switzerland,Group G,https://upload.wikimedia.org/wikipedia/commons/thumb/0/08/Flag_of_Switzerland_%28Pantone%29.svg/320px-Flag_of_Switzerland_%28Pantone%29.png,flag-ch,CH,15,€192.20m
URU,Uruguay,Group H,https://upload.wikimedia.org/wikipedia/commons/thumb/f/fe/Flag_of_Uruguay.svg/900px-Flag_of_Uruguay.png,flag-uy,UY,14,€395.40m
POR,Portugal,Group H,https://upload.wikimedia.org/wikipedia/commons/thumb/5/5c/Flag_of_Portugal.svg/600px-Flag_of_Portugal.png,flag-pt,PT,9,€882.00m
BRA,Brazil,Group G,https://upload.wikimedia.org/wikipedia/en/thumb/0/05/Flag_of_Brazil.svg/720px-Flag_of_Brazil.png,flag-br,BR,1,€1.09bn
WAL,Wales,Group B,https://upload.wikimedia.org/wikipedia/commons/thumb/d/dc/Flag_of_Wales.svg/700px-Flag_of_Wales.svg.png,falg-wl,wl,19,€130.85m
NED,Netherlands,Group A,https://upload.wikimedia.org/wikipedia/commons/thumb/2/20/Flag_of_the_Netherlands.svg/800px-Flag_of_the_Netherlands.svg.png,flag-nl,NL,8,€472.75m
TUN,Tunisia,Group D,https://upload.wikimedia.org/wikipedia/commons/thumb/c/ce/Flag_of_Tunisia.svg/1200px-Flag_of_Tunisia.png,flag-tn,TN,30,€65.85m
POL,Poland,Group C,https://upload.wikimedia.org/wikipedia/en/thumb/1/12/Flag_of_Poland.svg/1280px-Flag_of_Poland.png,flag-pl,PL,26,€330.40m
JPN,Japan,Group E,https://upload.wikimedia.org/wikipedia/en/thumb/9/9e/Flag_of_Japan.svg/900px-Flag_of_Japan.png,flag-jp,JP,24,€131.70m
CRO,Croatia,Group F,https://upload.wikimedia.org/wikipedia/commons/thumb/1/1b/Flag_of_Croatia.svg/800px-Flag_of_Croatia.png,flag-hr,HR,12,€369.40m
CMR,Cameroon,Group G,https://upload.wikimedia.org/wikipedia/commons/thumb/4/4f/Flag_of_Cameroon.svg/800px-Flag_of_Cameroon.svg.png,flag-cm,CM,43,€114.75m
KOR,Korea Republic,Group H,https://upload.wikimedia.org/wikipedia/commons/thumb/0/09/Flag_of_South_Korea.svg/900px-Flag_of_South_Korea.png,flag-kr,KR,28,€159.55m
ECU,Ecuador,Group A,https://upload.wikimedia.org/wikipedia/commons/thumb/e/e8/Flag_of_Ecuador.svg/1024px-Flag_of_Ecuador.svg.png,flag-ec,EC,44,€125.80m
IRN,Iran,Group B,https://upload.wikimedia.org/wikipedia/commons/thumb/c/ca/Flag_of_Iran.svg/630px-Flag_of_Iran.png,flag-ir,IR,20,€68.58m
AUS,Australia,Group D,https://upload.wikimedia.org/wikipedia/commons/thumb/8/88/Flag_of_Australia_%28converted%29.svg/1280px-Flag_of_Australia_%28converted%29.png,flag-au,AU,38,€40.33m
KSA,Saudi Arabia,Group C,https://upload.wikimedia.org/wikipedia/commons/thumb/0/0d/Flag_of_Saudi_Arabia.svg/750px-Flag_of_Saudi_Arabia.png,flag-sa,SA,51,€23.18m
CAN,Canada,Group F,https://upload.wikimedia.org/wikipedia/commons/thumb/d/d9/Flag_of_Canada_%28Pantone%29.svg/1024px-Flag_of_Canada_%28Pantone%29.svg.png,flag-ca,CA,41,€172.13m
CRC,Costa Rica,Group E,https://upload.wikimedia.org/wikipedia/commons/thumb/b/bc/Flag_of_Costa_Rica_%28state%29.svg/833px-Flag_of_Costa_Rica_%28state%29.png,flag-cr,CR,31,€7.08m
GHA,Ghana,Group H,https://upload.wikimedia.org/wikipedia/commons/thumb/1/19/Flag_of_Ghana.svg/1024px-Flag_of_Ghana.svg.png,flag-gh,GH,61,€206.40m
SRB,Serbia,Group G,https://upload.wikimedia.org/wikipedia/commons/thumb/f/ff/Flag_of_Serbia.svg/1350px-Flag_of_Serbia.png,flag-rs,RS,21,€328.00m